,filename,top_annotation,bottom_annotation
0,clean_xml_thread99.MN.infoadded.xml,"99
Annotation for intention:

External-event-planning: reviewing forms from TXU Fuel Company


Annotation for control:
Keith Ford: Keith initiates the thread and asks Daren Farmer to review the forms and send him information if Daren wants to put contracts in place.


<?xml version=""1.0""?>



<!--

-

- Sequel Pro dump

- Version 155

- http://code.google.com/p/sequel-pro

-

- Host: 127.0.0.1 (MySQL 5.0.67)

- Database: enron

- Generation Time: 2008-12-01 15:20:28 -0500

-

-->



	","

Hierarchical Power Annotation: N/A
Person_1: 
Person_2:
Reason: 

Situational Power Annotation:
Person_1: Keith Ford
Person_2: Daren J Farmer
Reason: Keith asks Daren to look at and fill out forms if interested in message 1.

Person_1: Daren J Farmer
Person_2: Anthony Campos
Reason: From Anthony's comments in message 2, it seems that Daren has asked Anthony to forward a request, which Anthony says he has done.

Attempt at Exercising Power Annotation:
DFUs: M1.5-M1.6
Person_1: Keith Ford
Person_2: Daren J Farmer
Type: Situational
Successful?: Y
Reason: Keith asks Daren to look at and fill out forms if interested in message 1, and from message 2 from Anthony Campos, it seems that Daren has done so.

Influence Annotation: N/A
Person_1:
Person_2:
Reason:

Attempt at Influence Annotation: N/A
DFUs: 
Person_1:
Person_2:
Successful?:
Reason: 
"
1,clean_xml_thread104.MN.infoadded.xml,"104
Annotation for intention:

Argumentation/Knowledge-Acquisition: Iris' inadequate meeting summary/correction of date and what Iris and others are working on

Annotation for control:
Scott Salmon: Scott initiates the thread and tells Iris Mack that her summary was inadequate and that a date she included was incorrect.



<?xml version=""1.0""?>



<!--

-

- Sequel Pro dump

- Version 155

- http://code.google.com/p/sequel-pro

-

- Host: 127.0.0.1 (MySQL 5.0.67)

- Database: enron

- Generation Time: 2008-12-12 17:38:11 -0500

-

-->



	","

Hierarchical Power Annotation:
Person_1: Scott Salmon
Person_2: Iris Mack
Reason: In message 1, Scott criticizes Iris' report.

Situational Power Annotation:
Person_1: Scott Salmon
Person_2: Iris Mack
Reason: In message 1, Scott criticizes Iris' report.

Attempt at Exercising Power Annotation: N/A
DFUs: 
Person_1:
Person_2:
Type:
Successful?:
Reason: 

Influence Annotation: N/A
Person_1:
Person_2:
Reason:

Attempt at Influence Annotation:
DFUs: M1.3-M1.6, M1.9, M1.14
Person_1: Scott Salmon
Person_2: Iris Mack
Successful?: N
Reason: In message 2, Iris ignores Scott's criticisms of the report she submitted to him, except to agree that a date was incorrect because she had understood it to be in the European format. 
"
2,clean_xml_thread86.MN.infoadded.xml,"86

Annotation for intention:

Argumentation: grace period to maximize desks' VAR/Dynegy's program that mirrors EOL's cash markets


Annotation for control:
Hunter S Shively: Hunter initiates the thread and offers his opinions on fines and Enron Online.




<?xml version=""1.0""?>



<!--

-

- Sequel Pro dump

- Version 155

- http://code.google.com/p/sequel-pro

-

- Host: 127.0.0.1 (MySQL 5.0.67)

- Database: enron

- Generation Time: 2008-12-01 15:21:48 -0500

-

-->



	","


Hierarchical Power Annotation: N/A
Person_1: 
Person_2: 
Reason: 

Situational Power Annotation: N/A
Person_1: 
Person_2: 
Reason: 

Attempt at Exercising Power Annotation:
DFUs: M3.1
Person_1: John Lavorato
Person_2: Hunter S Shively
Type: Situational
Successful?: No Reply
Reason: John asks Hunter to call him to discuss the Dynegy program.

Influence Annotation:
Person_1: Hunter S Shively
Person_2: John Lavorato
Reason: Hunter attempts to convince John of his views on fines and Enron Online in message 1, and in message 3, John expresses interest in discussing something Hunter mentioned, showing that Hunter has credibility.

Attempt at Influence Annotation:
DFUs: M1.2-M1.10
Person_1: Hunter S Shively
Person_2: John Lavorato
Successful?: N
Reason: HunterÕs opinion about fines is ignored in message 3 from John, who only mentions the Dynegy program.


"
3,clean_xml_thread92.MN.infoadded.xml,"92
Annotation for intention:
Argumentation: Accenture shouldn't take credit for EnronOnline's success or talk to a reporter about Enron


Annotation for control:
Vance Meyer: Vance initiates the thread and forwards an earlier thread about an interview with someone at Enron regarding EnronOnline's success to Kal, Greg, and Andy, and is the first person to express the opinion that Accenture shouldn't take credit for EnronOnline's success.


<?xml version=""1.0""?>



<!--

-

- Sequel Pro dump

- Version 155

- http://code.google.com/p/sequel-pro

-

- Host: 127.0.0.1 (MySQL 5.0.67)

- Database: enron

- Generation Time: 2008-12-01 15:18:35 -0500

-

-->



	","

Hierarchical Power Annotation: N/A
Person_1: 
Person_2: 
Reason: 

Situational Power Annotation: N/A
Person_1: 
Person_2: 
Reason: 

Attempt at Exercising Power Annotation: N/A
DFUs: 
Person_1:
Person_2:
Type:
Successful?:
Reason: 

Influence Annotation:
Person_1: Vance Meyer
Person_2: Kal Shah
Reason: Vance's opinion that Accenture was in the wrong (M1.4) is echoed by Kal in M2.6-M2.7.

Attempt at Influence Annotation:
DFUs: M1.4
Person_1: Vance Meyer
Person_2: Kal Shah
Successful?: Y
Reason: Vance's opinion that Accenture was in the wrong is echoed by Kal in M2.6-M2.7.
"
4,clean_xml_thread89.MN.infoadded.xml,"89

Annotation for intention:

External-event-planning: recruiting volunteers for an interview event



Annotation for control:
Karen Buckley: Karen initiates the thread, asking for volunteers in message 1, and others respond to her in later messages.



<?xml version=""1.0""?>



<!--

-

- Sequel Pro dump

- Version 155

- http://code.google.com/p/sequel-pro

-

- Host: 127.0.0.1 (MySQL 5.0.67)

- Database: enron

- Generation Time: 2008-12-01 15:22:27 -0500

-

-->



	","


Hierarchical Power Annotation: N/A
Person_1: 
Person_2: 
Reason: 

Situational Power Annotation:
Person_1: Karen Buckley
Person_2: Elizabeth Shim, Vince J Kaminski(address:""Matt.Smith@ENRON.com""), To(1)
Reason: In message 1 Karen asks for people to volunteer for the event. In messages 2, 3, and 5, Elizabeth and Mat (Vince) offer to do so.

Attempt at Exercising Power Annotation:
DFUs: M1.10-M1.12
Person_1: Karen Buckley
Person_2: Elizabeth Shim, Vince J Kaminski(address:""Matt.Smith@ENRON.com"")
Type: Situational
Successful?: Y
Reason: In message 1 Karen asks people to volunteer for the event. In messages 2, 3, and 5, Elizabeth and Mat (Vince) offer to do so.

Influence Annotation: N/A
Person_1:
Person_2:
Reason:

Attempt at Influence Annotation: N/A
DFUs: 
Person_1:
Person_2:
Successful?:
Reason: 


"
5,clean_xml_thread96.MN.infoadded.xml,"96
Annotation for intention:

Knowledge-Acquisition/Argumentation: information about an oil storage deal between Peerless and Enron/Dan's opinion on it


Annotation for control:
Jaime Sanabria: Jaime initiates the thread and gets Dan Masters (""Richard Shapiro"") to express his opinion on the deal.


<?xml version=""1.0""?>



<!--

-

- Sequel Pro dump

- Version 155

- http://code.google.com/p/sequel-pro

-

- Host: 127.0.0.1 (MySQL 5.0.67)

- Database: enron

- Generation Time: 2008-12-01 15:19:48 -0500

-

-->



	","

Hierarchical Power Annotation: N/A
Person_1: 
Person_2: 
Reason: 

Situational Power Annotation: N/A
Person_1: 
Person_2: 
Reason: 

Attempt at Exercising Power Annotation: N/A
DFUs: 
Person_1:
Person_2:
Type:
Successful?:
Reason: 

Influence Annotation:
Person_1: Richard Shapiro(address:""Paul.YBarbo@ENRON.com""), Richard Shapiro(address:""Dan.Masters@ENRON.com"")
Person_2: Jaime Sanabria
Reason: Dan (Richard's name appears with Dan's email address) and Paul (Richard's name also appears with Paul's email) are asked for their opinions in M1.1-M1.2 by Jaime.

Attempt at Influence Annotation:
DFUs: M3.1
Person_1: Richard Shapiro(address:""Dan.Masters@ENRON.com"")
Person_2: Jaime Sanabria, Rick Sierra, James McMillan
Successful?: No Reply
Reason: In message 3, Dan (Richard) tells the others how he thinks they should charge Peerless.
"
6,clean_xml_thread100.MN.infoadded.xml,"100
Annotation for intention:

External-event-planning/Knowledge-Acquisition: celebration of EnronOnline's one millionth transaction/why Claudio is remaining in Jeff's group

Annotation for control:
Andy Zipper, Jeff Dasovich(address:""Jeffrey.A.Shankman@ENRON.com""): Andy initiates the thread and invites the others to the celebration in message 1. In message 3, Jeff discusses Claudio's group status.



<?xml version=""1.0""?>



<!--

-

- Sequel Pro dump

- Version 155

- http://code.google.com/p/sequel-pro

-

- Host: 127.0.0.1 (MySQL 5.0.67)

- Database: enron

- Generation Time: 2008-12-12 17:37:04 -0500

-

-->



	","

Hierarchical Power Annotation: N/A
Person_1:
Person_2:
Reason:

Situational Power Annotation:
Person_1: Andy Zipper
Person_2: Fletcher Sturm, To(1)
Reason: Andy invites Fletcher and others to the party for EnronOnline in message 1.

Person_1: Jeff Dasovich(address:""Jeffrey.A.Shankman@ENRON.com"")
Person_2: Andy Zipper
Reason: In message 3, from what Jeff says, it seems like he has the power to decide whether Claudio stays in his group or not.

Attempt at Exercising Power Annotation:
DFUs: M1.2
Person_1: Andy Zipper
Person_2: Fletcher Sturm
Type: Situational
Successful?: Y
Reason: After Andy asks whether the recipients of message 1 can attend the party, Fletcher RSVPs in M2.2.

Influence Annotation: N/A
Person_1:
Person_2:
Reason:

Attempt at Influence Annotation: N/A
DFUs: 
Person_1:
Person_2:
Successful?:
Reason: 
"
7,clean_xml_thread82.MN.infoadded.xml,"82

Annotation for intention:

Knowledge-Acquisition: letter from FERC requesting an inquiry into EnronOnline

Annotation for control:
Lisa Yoho: Lisa informs the others of what is in the letter.



<?xml version=""1.0""?>



<!--

-

- Sequel Pro dump

- Version 155

- http://code.google.com/p/sequel-pro

-

- Host: 127.0.0.1 (MySQL 5.0.67)

- Database: enron

- Generation Time: 2008-12-01 15:20:45 -0500

-

-->



	","


Hierarchical Power Annotation: N/A
Person_1: 
Person_2: 
Reason: 

Situational Power Annotation: N/A
Person_1: 
Person_2: 
Reason: 

Attempt at Exercising Power Annotation: N/A
DFUs: 
Person_1:
Person_2:
Type:
Successful?:
Reason: 

Influence Annotation: N/A
Person_1: 
Person_2: 
Reason: 

Attempt at Influence Annotation: N/A
DFUs: 
Person_1:
Person_2:
Successful?:
Reason: 


"
8,clean_xml_thread105.MN.infoadded.xml,"105
Annotation for intention:

Collaboration-on-information-product: sending an email to traders regarding a launch of something Reuters-related

Annotation for control:
Savita Puthigai: Savita initiates the thread and asks Andy Zipper and Michael Bridges whether the email needs to be sent out to traders.



<?xml version=""1.0""?>



<!--

-

- Sequel Pro dump

- Version 155

- http://code.google.com/p/sequel-pro

-

- Host: 127.0.0.1 (MySQL 5.0.67)

- Database: enron

- Generation Time: 2008-12-12 17:38:27 -0500

-

-->



	","

Hierarchical Power Annotation: N/A
Person_1: 
Person_2: 
Reason: 

Situational Power Annotation:
Person_1: Andy Zipper, Michael Bridges
Person_2: Savita Puthigai
Reason: Savita asks Andy whether to send out an email in message 1, and Michael answers, showing that Andy and Michael know more about it.

Attempt at Exercising Power Annotation: N/A
DFUs: 
Person_1:
Person_2:
Type:
Successful?:
Reason: 

Influence Annotation: N/A
Person_1: 
Person_2: 
Reason:

Attempt at Influence Annotation: N/A
DFUs: 
Person_1:
Person_2:
Successful?:
Reason: 
"
9,clean_xml_thread98.MN.infoadded.xml,"98
Annotation for intention:

External-event-planning: attendance of lunch/office visit


Annotation for control:
Karen Buckley: Karen initiates the thread and asks the others to tell her whether they can attend the lunch or the office visit.


<?xml version=""1.0""?>



<!--

-

- Sequel Pro dump

- Version 155

- http://code.google.com/p/sequel-pro

-

- Host: 127.0.0.1 (MySQL 5.0.67)

- Database: enron

- Generation Time: 2008-12-01 15:20:13 -0500

-

-->



	","

Hierarchical Power Annotation: N/A
Person_1: 
Person_2: 
Reason: 

Situational Power Annotation:
Person_1: Karen Buckley
Person_2: Jason Wolfe, To(1)
Reason: Karen seems to be in charge of organizing a lunch and office visit, and in message 1 asks the others to tell her if they can make it.

Attempt at Exercising Power Annotation:
DFUs: M1.2-M1.3
Person_1: Karen Buckley
Person_2: Jason Wolfe
Type: Situational
Successful?: Y
Reason: Karen asks Jason and the other email recipients to confirm whether they can attend two events, and Jason responds in M2.2-M2.4.

Influence Annotation: N/A
Person_1:
Person_2:
Reason:

Attempt at Influence Annotation: N/A
DFUs: 
Person_1:
Person_2:
Successful?:
Reason: 
"
10,clean_xml_thread93.MN.infoadded.xml,"93
Annotation for intention:

Argumentation: whether to accept InterContinental Exchange offer/Greg Whalley's and Andy Zipper's opinions on it


Annotation for control:
John Sherriff: John initiates the thread and tells the others to accept the ICE offer.


<?xml version=""1.0""?>



<!--

-

- Sequel Pro dump

- Version 155

- http://code.google.com/p/sequel-pro

-

- Host: 127.0.0.1 (MySQL 5.0.67)

- Database: enron

- Generation Time: 2008-12-01 15:18:53 -0500

-

-->



	","

Hierarchical Power Annotation: N/A
Person_1: 
Person_2: 
Reason: 

Situational Power Annotation:
Person_1: John Sherriff
Person_2: Greg Piper, CC(1)
Reason: In M1.2-M1.3 John tells the others to accept an offer or tell him why they shouldn't.

Attempt at Exercising Power Annotation:
DFUs: M1.2-M1.3
Person_1: John Sherriff
Person_2: Greg Piper, CC(1)
Type: Situational
Successful?: N
Reason: After John tells the others to accept an offer or tell him why they shouldn't in message 1, Greg gives John thoughts in message 2 but doesn't seem to be set one way or the other. 

Influence Annotation:
Person_1: Andy Zipper
Person_2: Greg Piper
Reason: Greg Piper calls Andy's idea good in M2.6, showing that Andy has credibility and that his idea was picked up on by at least one other person. 

Attempt at Influence Annotation:
DFUs: M1.1
Person_1: John Sherriff
Person_2: Greg Piper
Successful?: N
Reason: After John tells Greg and the other recipients of message 1 that they should accept the ICE offer, Greg doesn't seem to be 100% sold on it in message 2.
"
11,clean_xml_thread88.MN.infoadded.xml,"88

Annotation for intention:

Knowledge-Acquisition: Discussion of recommended offer by InterContinental Exchange for International Petroleum Exchange holdings



Annotation for control:
Justin Boyd: Justin initiates the thread and informs everyone of the deadline for accepting this offer in message 1.



<?xml version=""1.0""?>



<!--

-

- Sequel Pro dump

- Version 155

- http://code.google.com/p/sequel-pro

-

- Host: 127.0.0.1 (MySQL 5.0.67)

- Database: enron

- Generation Time: 2008-12-01 15:22:10 -0500

-

-->



	","


Hierarchical Power Annotation: N/A
Person_1: 
Person_2: 
Reason: 

Situational Power Annotation:
Person_1: Justin Boyd
Person_2: Greg Piper
Reason: In message 1 Justin brings up the approaching deadline for accepting an offer. In messages 3 and 6 he responds to questions from Greg (from messages 2 and 4/5, respectively) about accepting the offer, showing that he is the one who knows the most about it.

Attempt at Exercising Power Annotation:
DFUs: M1.7
Person_1: Justin Boyd
Person_2: Greg Piper, To(1)
Type: Situational
Successful?: N
Reason: After Justin asks Greg and the others to tell him whether they want to accept the offer and to decide by the next day, Greg keeps asking questions about it, showing that he is unsure, and no one else responds in this thread.

Influence Annotation:
Person_1: Justin Boyd
Person_2: Greg Piper
Reason: Justin tries to convince Greg and the other recipients of message 1 that they should accept the offer. Greg seems interested in this idea, as he asks several questions about accepting the offer.

Attempt at Influence Annotation:
DFUs: M1.4
Person_1: Justin Boyd
Person_2: Greg Piper
Successful?: N
Reason: After Justin says he would like to accept the offer in message 1, in message 2, Greg asks Andy Zipper for his opinion on whether to accept the offer, showing that Greg prefers Andy's opinion to Justin's.


"
12,clean_xml_thread65.MN.infoadded.xml,"65
Annotation for intention:

Knowledge-Acquisition/Argumentation: Charge Structures for EnronOnline (both a recommended idea and computed (factual) charges)

Annotation for control: 
David Forster: David initiates the thread and provides his ideas for charge structures in message 1.



<?xml version=""1.0""?>



<!--

-

- Sequel Pro dump

- Version 155

- http://code.google.com/p/sequel-pro

-

- Host: 127.0.0.1 (MySQL 5.0.67)

- Database: enron

- Generation Time: 2008-11-17 15:34:12 -0500

-

-->



	","


Hierarchical Power Annotation:
Person_1: Andy Zipper
Person_2: David Forster
Reason: Andy Zipper has the power to make decisions. AndyÕs approval of DavidÕs recommendation in M2.1.

Situational Power Annotation:
Person_1: Andy Zipper
Person_2: David Forster
Reason: Andy Zipper has the power to make decisions. AndyÕs approval of DavidÕs recommendation in M2.1.

Attempt at Exercising Power Annotation:
DFUs: M2.1-2.6, M4.1
Person_1: Andy Zipper
Person_2: David Forster
Type: Hierarchical
Successful?: Y
Reason: Andy must approve of David's suggestions, which he does in message 2, and David responds in message 3. In message 5, David complies with Andy's request for data in message 4.

Influence Annotation:
Person_1: Andy Zipper
Person_2: David Forster
Reason: After Andy mentions that he likes alternative 1, David tells him that he also would have preferred alternative 1 if not for having to sell internally, showing that Andy has credibility.

Attempt at Influence Annotation:
DFUs: M2.4-M2.6
Person_1: Andy Zipper
Person_2: David Forster
Successful?: Y
Reason: In M3.8-M3.9, David acknowledges that Andy's preference for alternative 1 rather than his own recommendation from message 1 would've been his first choice as well if not for having to sell internally.


"
13,clean_xml_thread83.MN.infoadded.xml,"83

Annotation for intention:

Knowledge-Acquisition: discrepancy between PG&E's PX credit amounts, as specified in Schedule F and as calculated in May

Annotation for control:
Michael Tribolet: Michael initiates the thread, telling everyone about this discrepancy in message 1, and gives Robert (Bob) further details in message 3 after Robert asks for them in message 2. 



<?xml version=""1.0""?>



<!--

-

- Sequel Pro dump

- Version 155

- http://code.google.com/p/sequel-pro

-

- Host: 127.0.0.1 (MySQL 5.0.67)

- Database: enron

- Generation Time: 2008-12-01 15:20:59 -0500

-

-->



	","


Hierarchical Power Annotation: N/A
Person_1: 
Person_2: 
Reason: 

Situational Power Annotation:
Person_1: Michael Tribolet, William S Bradford
Person_2: Robert C Williams
Reason: Michael and Bill are scheduled to talk with Pacific Gas & Electric the next day in order to resolve the discrepancy (as Michael says in message 3), while Bob will have to wait to hear what they say in order to find out more information.

Attempt at Exercising Power Annotation: N/A
DFUs: 
Person_1:
Person_2:
Type:
Successful?:
Reason: 

Influence Annotation: N?A
Person_1: 
Person_2: 
Reason:

Attempt at Influence Annotation: N/A
DFUs: 
Person_1:
Person_2:
Successful?:
Reason: 


"
14,clean_xml_thread101.MN.infoadded.xml,"101
Annotation for intention:

External-event-planning: getting a reserve cleared, and getting approval for ERCOT Schedule C (these two might be the same thing)

Annotation for control:

Stacey W White: Stacey initiates the thread and starts the chain of asking for reserve approval.


<?xml version=""1.0""?>



<!--

-

- Sequel Pro dump

- Version 155

- http://code.google.com/p/sequel-pro

-

- Host: 127.0.0.1 (MySQL 5.0.67)

- Database: enron

- Generation Time: 2008-12-12 17:37:18 -0500

-

-->



	","

Hierarchical Power Annotation:
Person_1: Stacey W White
Person_2: Doug Gilbert-smith
Reason: From Stacey's abruptness in message 1, it seems like she has the ability to order Doug around.

Person_1: John Lavorato
Person_2: Kevin M Presto
Reason: Kevin asks for John's approval of the schedule, showing that John has more authority.

Person_1: John Lavorato
Person_2: Stacey W White
Reason: In message 1, Stacey mentions John as the person who needs to clear the reserve, indicating that she cannot do so herself.

Situational Power Annotation:
Person_1: Stacey W White
Person_2: Doug Gilbert-smith
Reason: From Stacey's abruptness in message 1, it seems like she has the ability to order Doug around.

Person_1: John Lavorato
Person_2: Kevin M Presto
Reason: Kevin asks for John's approval of the schedule, showing that John has more authority.

Person_1: John Lavorato
Person_2: Stacey W White
Reason: In message 1, Stacey mentions John as the person who needs to clear the reserve, indicating that she cannot do so herself.

Attempt at Exercising Power Annotation:
DFUs: M1.2
Person_1: Stacey W White
Person_2: Doug Gilbert-smith
Type: Hierarchical
Successful?: Y
Reason: After receiving Stacey's email, Doug forwards the reserve to the next person down the line, Kevin Miller (Presto).

DFUs: M3.1
Person_1: Kevin M Presto
Person_2: John Lavorato
Type: Situational
Successful?: No Reply
Reason: In M3.1, Kevin asks John to approve a schedule.

Influence Annotation: N/A
Person_1:
Person_2:
Reason:

Attempt at Influence Annotation: N/A
DFUs: 
Person_1:
Person_2:
Successful?:
Reason: 
"
15,clean_xml_thread90.MN.infoadded.xml,"90
Annotation for intention:

Knowledge-Acquisition: checking the attached list of cost center assignments for transfers out of EES

Annotation for control:
Wade Stubblefield: Wade initiates the thread and asks the others to proofread the list of transfers.



<?xml version=""1.0""?>



<!--

-

- Sequel Pro dump

- Version 155

- http://code.google.com/p/sequel-pro

-

- Host: 127.0.0.1 (MySQL 5.0.67)

- Database: enron

- Generation Time: 2008-12-01 15:17:54 -0500

-

-->



	","

Hierarchical Power Annotation: N/A
Person_1: 
Person_2: 
Reason: 

Situational Power Annotation:
Person_1: Wade Stubblefield
Person_2: Beth Apollo, To(1)
Reason: Wade tells Beth and the others to look over the list of transfer assignments, and Beth complies.

Attempt at Exercising Power Annotation:
DFUs: M1.5, M1.9
Person_1: Wade Stubblefield
Person_2: Beth Apollo
Type: Situational
Successful?: Y
Reason: In message 1, Wade tells Beth and the others to look over the list of transfer assignments and let him know of any errors or changes, and in message 2 Beth complies and tells Wade about an error in the list.

Influence Annotation: N/A
Person_1:
Person_2:
Reason:

Attempt at Influence Annotation: N/A
DFUs: 
Person_1:
Person_2:
Successful?:
Reason: 
"
16,clean_xml_thread84.MN.infoadded.xml,"84

Annotation for intention:

External-event-planning: gathering information to be able to make an offer to a customer


Annotation for control:
Mark Knippa: Mark initiates the thread, and asks the Bay Gas team to review his outline of the offer to the customer in message 1. In message 2, he asks some additional people for assistance in preparing the offer.



<?xml version=""1.0""?>



<!--

-

- Sequel Pro dump

- Version 155

- http://code.google.com/p/sequel-pro

-

- Host: 127.0.0.1 (MySQL 5.0.67)

- Database: enron

- Generation Time: 2008-12-01 15:21:15 -0500

-

-->



	","


Hierarchical Power Annotation: N/A
Person_1: 
Person_2: 
Reason: 

Situational Power Annotation:
Person_1: Mark Knippa
Person_2: Eric Boyt, Scott Neal, Peter Bennett, Chris Hilgert
Reason: Mark asks these four people to help him put together an offer to give a customer in messages 1 and 2. He seems to be the one directing this project, and they seem to be the ones doing the grunt work.

Attempt at Exercising Power Annotation:
DFUs: M1.8, M1.11
Person_1: Mark Knippa
Person_2: Eric Boyt
Type: Situational
Successful?: Y
Reason: After Mark asks Eric Boyt and the others to review and figure out a gas price, Eric offers to help in message 3.

DFUs: M2.2-M2.5
Person_1: Mark Knippa
Person_2: Eric Boyt
Type: Situational
Successful?: Y
Reason: In M3.2-M3.3 Eric offers to help Scott prepare an evaluation that seems to be what Mark had asked for in message 2.

Influence Annotation: N/A
Person_1:
Person_2:
Reason:

Attempt at Influence Annotation: N/A
DFUs: 
Person_1:
Person_2:
Successful?:
Reason: 


"
17,clean_xml_thread106.MN.infoadded.xml,"106
Annotation for intention:

Knowledge-Acquisition: details about EnEX

Annotation for control:
Justin Boyd: Justin is the only person who sends messages in this thread, and he informs Andy Zipper of the details about EnEX.



<?xml version=""1.0""?>



<!--

-

- Sequel Pro dump

- Version 155

- http://code.google.com/p/sequel-pro

-

- Host: 127.0.0.1 (MySQL 5.0.67)

- Database: enron

- Generation Time: 2008-12-12 17:38:42 -0500

-

-->



	","

Hierarchical Power Annotation: N/A
Person_1: 
Person_2: 
Reason: 

Situational Power Annotation: N/A
Person_1: 
Person_2: 
Reason: 

Attempt at Exercising Power Annotation: N/A
DFUs: 
Person_1:
Person_2:
Type:
Successful?:
Reason: 

Influence Annotation: N/A
Person_1: 
Person_2: 
Reason:

Attempt at Influence Annotation: N/A
DFUs: 
Person_1:
Person_2:
Successful?:
Reason: 
"
18,clean_xml_thread66.MN.infoadded.xml,"66
Annotation for intention:

Knowledge-Acquisition: payments for April and November


Annotation for control:
Chris H Foster: Chris Foster is the only person whose messages are included in this thread, and he tells the others the payments for April and November.


<?xml version=""1.0""?>



<!--

-

- Sequel Pro dump

- Version 155

- http://code.google.com/p/sequel-pro

-

- Host: 127.0.0.1 (MySQL 5.0.67)

- Database: enron

- Generation Time: 2008-11-17 16:29:03 -0500

-

-->



	","


Hierarchical Power Annotation: N/A
Person_1: 
Person_2: 
Reason: 

Situational Power Annotation:
Person_1: Chris H Foster
Person_2: Chris Stokley, Kourtney Nelson, Jim Reyes
Reason: In message 1, Chris Foster asks the others to get money to Harbor by a set date.

Attempt at Exercising Power Annotation:
DFUs: M1.4
Person_1: Chris H Foster
Person_2: Chris Stokley, Kourtney Nelson, Jim Reyes
Type: Situational
Successful?: No Reply
Reason: In message 1, Chris Foster asks the others to get money to Harbor by a set date.

Influence Annotation: N/A
Person_1:
Person_2:
Reason:

Attempt at Influence Annotation: N/A
DFUs: 
Person_1:
Person_2:
Successful?:
Reason: 


"
19,clean_xml_thread102.MN.infoadded.xml,"102
Annotation for intention:

Collaboration-on-information-product: getting correct purchase information for a deal on a March 2001 invoice

Annotation for control:
Julie Meyers: Julie initiates the thread and asks Daren Farmer and Tess Ray about the deals on the March 2001 invoice.



<?xml version=""1.0""?>



<!--

-

- Sequel Pro dump

- Version 155

- http://code.google.com/p/sequel-pro

-

- Host: 127.0.0.1 (MySQL 5.0.67)

- Database: enron

- Generation Time: 2008-12-12 17:37:33 -0500

-

-->



	","

Hierarchical Power Annotation: N/A
Person_1: 
Person_2: 
Reason: 

Situational Power Annotation:
Person_1: Tess Ray
Person_2: Daren J Farmer, Charlene Richmond, Cynthia Hakemack, Charles Howard, Mary Ellenberger
Reason: In messages 2, 4, and 5, Tess tells the others she needs to know if a price was at IF or Gas Daily.

Attempt at Exercising Power Annotation:
DFUs: M2.4
Person_1: Tess Ray
Person_2: Daren J Farmer
Type: Situational
Successful?: Y
Reason: In M2.4, Tess tells Daren she needs to know which price is correct. In M3.6, Daren tells her he needs more information, and then they can go forward with figuring it out.

DFUs: M5.4
Person_1: Tess Ray
Person_2: Mary Ellenberger
Type: Situational
Successful?: No Reply
Reason: In M5.4, Tess tells Mary that she needs to know whether a purchase price was at IF or Gas Daily. [In M1.2-M1.4 of thread 108, Mary gives Tess this information.]

Influence Annotation: N/A
Person_1:
Person_2:
Reason:

Attempt at Influence Annotation: N/A
DFUs: 
Person_1:
Person_2:
Successful?:
Reason: 
"
20,clean_xml_thread94.MN.infoadded.xml,"94
Annotation for intention:

Knowledge-Acquisition: companies' responses to the prospect of receiving email updates from EnronOnline


Annotation for control:
Daniel Diamond: Dan is the only sender of messages in this thread. He tells the others what various companies think about getting email updates from EnronOnline.


<?xml version=""1.0""?>



<!--

-

- Sequel Pro dump

- Version 155

- http://code.google.com/p/sequel-pro

-

- Host: 127.0.0.1 (MySQL 5.0.67)

- Database: enron

- Generation Time: 2008-12-01 15:19:09 -0500

-

-->



	","

Hierarchical Power Annotation: N/A
Person_1: 
Person_2: 
Reason: 

Situational Power Annotation: N/A
Person_1: 
Person_2: 
Reason: 

Attempt at Exercising Power Annotation: N/A
DFUs: 
Person_1:
Person_2:
Type:
Successful?:
Reason: 

Influence Annotation: N/A
Person_1:
Person_2:
Reason:

Attempt at Influence Annotation:
DFUs: M1.6-M1.8
Person_1: Daniel Diamond
Person_2: Andy Zipper
Successful?: No Reply
Reason: In message 1, Dan suggests how to get companies to complete necessary information and not ignore it.
"
21,clean_xml_thread72.MN.infoadded.xml,"72
Annotation for intention:

Argumentation/Knowledge-Acquisition: EGM's good job in officialization process/explanation of this process by someone at EGM


Annotation for control:
Michelle Bruce: when Shona Wilson asks who to thank for the good work in an officialization process, Michelle tells her who to thank and explains how it worked.


<?xml version=""1.0""?>



<!--

-

- Sequel Pro dump

- Version 155

- http://code.google.com/p/sequel-pro

-

- Host: 127.0.0.1 (MySQL 5.0.67)

- Database: enron

- Generation Time: 2008-11-17 16:31:35 -0500

-

-->



	","


Hierarchical Power Annotation: N/A
Person_1: 
Person_2: 
Reason: 

Situational Power Annotation: N/A
Person_1: 
Person_2: 
Reason: 

Attempt at Exercising Power Annotation: N/A
DFUs: 
Person_1:
Person_2:
Type:
Successful?:
Reason: 

Influence Annotation: N/A
Person_1:
Person_2:
Reason:

Attempt at Influence Annotation: N/A
DFUs: 
Person_1:
Person_2:
Successful?:
Reason: 


"
22,clean_xml_thread109.MN.infoadded.xml,"109
Annotation for intention:

Knowledge-Acquisition: when $1.25 million will arrive from Global Markets


Annotation for control:
Jeffrey C Gossett: Jeffrey initiates the thread and gets others to find out when the money will arrive.


<?xml version=""1.0""?>



<!--

-

- Sequel Pro dump

- Version 155

- http://code.google.com/p/sequel-pro

-

- Host: 127.0.0.1 (MySQL 5.0.67)

- Database: enron

- Generation Time: 2008-12-12 17:39:44 -0500

-

-->



	","

Hierarchical Power Annotation: N/A
Person_1:
Person_2:
Reason: 

Situational Power Annotation:
Person_1: Jeffrey C Gossett
Person_2: Jean Mrha
Reason: In M5.4, Jeffrey asks Jean to ensure that Carol talks to Greg Whiting. Also, he seems to have been the first to know about the missing check from what he says in message 1.

Attempt at Exercising Power Annotation:
DFUs: M5.4
Person_1: Jeffrey C Gossett
Person_2: Jean Mrha
Type: Situational
Successful?: No Reply
Reason: In M5.4, Jeffrey asks Jean to ensure that Carol talks to Greg Whiting.

Influence Annotation: N/A
Person_1: 
Person_2: 
Reason: 

Attempt at Influence Annotation: N/A
DFUs: 
Person_1:
Person_2:
Successful?:
Reason: 
"
23,clean_xml_thread91.MN.infoadded.xml,"91
Annotation for intention:

Collaboration-on-Information-Product: updating gas price on Stagecoach


Annotation for control:
John Kiani-Aslani: John initiates the thread and asks Charlie Weldon to update the gas price.  


<?xml version=""1.0""?>



<!--

-

- Sequel Pro dump

- Version 155

- http://code.google.com/p/sequel-pro

-

- Host: 127.0.0.1 (MySQL 5.0.67)

- Database: enron

- Generation Time: 2008-12-01 15:18:10 -0500

-

-->



	","

Hierarchical Power Annotation: N/A
Person_1: 
Person_2: 
Reason: 

Situational Power Annotation:
Person_1: John Kiani-Aslani
Person_2: V Charles Weldon
Reason: In message 1, John asks for an update on the gas price, which Charlie gives him in message 2.

Attempt at Exercising Power Annotation:
DFUs: M1.6
Person_1: John Kiani-Aslani
Person_2: V Charles Weldon
Type: Situational
Successful?: Y
Reason: In message 1, John asks for an update on the gas price, which Charlie gives him in message 2.

Influence Annotation: N/A
Person_1:
Person_2:
Reason:

Attempt at Influence Annotation: N/A
DFUs: 
Person_1:
Person_2:
Successful?:
Reason: 
"
24,clean_xml_thread68.MN.infoadded.xml,"68
Annotation for intention:

Collaboration-on-information-product: the decision not to register Enron on eLawForum website


Annotation for control:
James Derrick Jr: Jim has authority over whether Enron registers on the eLawForum website. In message 2 he tells Paul Pien that he is uninterested in doing so.


<?xml version=""1.0""?>



<!--

-

- Sequel Pro dump

- Version 155

- http://code.google.com/p/sequel-pro

-

- Host: 127.0.0.1 (MySQL 5.0.67)

- Database: enron

- Generation Time: 2008-11-17 16:29:37 -0500

-

-->



	","


Hierarchical Power Annotation:
Person_1: James Derrick Jr
Person_2: Steve Wyatt
Reason: In message 1, Paul says that Steve suggested that Enron register for the eLawForum site. But in message 2, Jim dismisses this suggestion, showing that he has greater authority than Steve.

Situational Power Annotation:
Person_1: James Derrick Jr
Person_2: Paul Pien
Reason: In message 1, Paul explains the details of Enron's registration on the eLawForum site, but in message 2, Jim tells him that he never authorized this registration.

Attempt at Exercising Power Annotation:
DFUs: M1.3
Person_1: Paul Pien
Person_2: James Derrick Jr
Type: Situational
Successful?: N
Reason: After Paul says he has accepted the user agreement on behalf of Enron, in M2.2, Jim tells Paul that he did not have the right to do so.

Influence Annotation: N/A
Person_1: 
Person_2: 
Reason:

Attempt at Influence Annotation:
DFUs: M1.2
Person_1: Steve Wyatt
Person_2: James Derrick Jr
Successful?: N
Reason: Even though in message 1 Paul says that Steve has suggested use of the eLawForum website, in message 2 Jim rejects the suggestion.



"
25,clean_xml_thread85.MN.infoadded.xml,"85
Annotation for intention:

Knowledge-Acquisition: two lists of scheduled meetings



Annotation for control:
Rex Shelby: Rex is the only sender of messages in this thread and sends out these lists of meetings.


<?xml version=""1.0""?>



<!--

-

- Sequel Pro dump

- Version 155

- http://code.google.com/p/sequel-pro

-

- Host: 127.0.0.1 (MySQL 5.0.67)

- Database: enron

- Generation Time: 2008-12-01 15:21:30 -0500

-

-->



	","


Hierarchical Power Annotation: N/A
Person_1:
Person_2:
Reason:

Situational Power Annotation: N/A
Person_1: 
Person_2: 
Reason: 

Attempt at Exercising Power Annotation: N/A
DFUs: 
Person_1:
Person_2:
Type:
Successful?:
Reason: 

Influence Annotation: N/A
Person_1:
Person_2:
Reason:

Attempt at Influence Annotation: N/A
DFUs: 
Person_1:
Person_2:
Successful?:
Reason: 


"
26,clean_xml_thread103.MN.infoadded.xml,"103
Annotation for intention:

Knowledge-Acquisition/Argumentation: updates on power deals/Chris's opinion on how to sell deals

Annotation for control:
Christopher F Calger: Chris is the only sender of messages in the thread and both provides the updates on power deals and his opinion on how to sell them.



<?xml version=""1.0""?>



<!--

-

- Sequel Pro dump

- Version 155

- http://code.google.com/p/sequel-pro

-

- Host: 127.0.0.1 (MySQL 5.0.67)

- Database: enron

- Generation Time: 2008-12-12 17:37:55 -0500

-

-->



	","

Hierarchical Power Annotation: N/A
Person_1: 
Person_2: 
Reason: 

Situational Power Annotation:
Person_1: Christopher F Calger
Person_2: To(1), John Lavorato
Reason: Chris is the only sender of messages in the thread and both provides the updates on power deals and his opinion on how to sell them.

Attempt at Exercising Power Annotation: N/A
DFUs: 
Person_1:
Person_2:
Type:
Successful?:
Reason: 

Influence Annotation: N/A
Person_1:
Person_2:
Reason:

Attempt at Influence Annotation:
DFUs: M2.5-M2.6
Person_1: Christopher F Calger
Person_2: John Lavorato
Successful?: No Reply
Reason: In message 2, Chris expresses his opinion to John that they should put some structures online in an auction if some companies don't transact.
"
27,clean_xml_thread81.MN.infoadded.xml,"81
Annotation for intention:

Collaboration-on-information-product/Knowledge-Acquisition: updating trading track rotations document, then discussion of interview plan


Annotation for control:
Karen Buckley: Karen initiates the thread. She sends out directives in Message 1 and Message 3 in order to achieve the intention of updating the trading track rotations document. She sends out information on the interview plan in Message 5.



<?xml version=""1.0""?>



<!--

-

- Sequel Pro dump

- Version 155

- http://code.google.com/p/sequel-pro

-

- Host: 127.0.0.1 (MySQL 5.0.67)

- Database: enron

- Generation Time: 2008-11-17 16:56:54 -0500

-

-->



	","


Hierarchical Power Annotation: N/A
Person_1: 
Person_2: 
Reason: 

Situational Power Annotation:
Person_1: Karen Buckley
Person_2: John Lavorato, Lloyd Will
Reason: In messages 1 and 3 Karen gives specific directives to John, Lloyd, and the others. In message 2 Lloyd complies with her request from message 1, and in message 4, John seems to agree with her order from message 3.

Attempt at Exercising Power Annotation:
DFUs: M1.2-M1.5
Person_1: Karen Buckley
Person_2: Lloyd Will
Type: Situational
Successful?: Y
Reason: Lloyd complies with KarenÕs request in M2.1-M2.2. 

DFUs: M3.2-M3.4
Person_1: Karen Buckley
Person_2: John Lavorato
Type: Situational
Successful?: Y
Reason: John complies with Karen's request in M4.1.

Influence Annotation: N/A
Person_1:
Person_2:
Reason:

Attempt at Influence Annotation: N/A
DFUs: 
Person_1:
Person_2:
Successful?:
Reason: 


"
28,clean_xml_thread67.MN.infoadded.xml,"67
Annotation for intention:

Knowledge-Acquisition/Argumentation: log attachments/Rick Buy's and Beth's opinions on them


Annotation for control:
Beth Apollo: In message 2, Beth asks Sally to look at the logs and tells her why they are a good thing.


<?xml version=""1.0""?>



<!--

-

- Sequel Pro dump

- Version 155

- http://code.google.com/p/sequel-pro

-

- Host: 127.0.0.1 (MySQL 5.0.67)

- Database: enron

- Generation Time: 2008-11-17 16:29:20 -0500

-

-->



	","


Hierarchical Power Annotation: N/A
Person_1: 
Person_2: 
Reason: 

Situational Power Annotation:
Person_1: Beth Apollo
Person_2: Sally Beck
Reason: Beth expresses her wish for Sally to look at some new types of logs in message 2.

Attempt at Exercising Power Annotation:
DFUs: M2.2
Person_1: Beth Apollo
Person_2: Sally Beck
Type: Situational
Successful?: No Reply
Reason: Beth expresses her wish for Sally to look at some new types of logs in message 2. 

Influence Annotation: N/A
Person_1:
Person_2:
Reason:

Attempt at Influence Annotation: N/A
DFUs: 
Person_1:
Person_2:
Successful?:
Reason: 


"
29,clean_xml_thread108.MN.infoadded.xml,"108
Annotation for intention:

Knowledge-Acquisition: corrected deal numbers for sales volumes

Annotation for control:
Mary Ellenberger: Mary initiates the thread [which continues from thread 102] and tells Tess and Daren the information about the gas deals that they need.


<?xml version=""1.0""?>



<!--

-

- Sequel Pro dump

- Version 155

- http://code.google.com/p/sequel-pro

-

- Host: 127.0.0.1 (MySQL 5.0.67)

- Database: enron

- Generation Time: 2008-12-12 17:39:29 -0500

-

-->



	","

Hierarchical Power Annotation: N/A
Person_1: 
Person_2: 
Reason:

Situational Power Annotation:
Person_1: Tess Ray
Person_2: Mary Ellenberger
Reason: In message 1, Mary provides Tess with some information that Tess had previously asked her for.

Person_1: Tess Ray
Person_2: Julie Meyers
Reason: In M4.2, Tess asks Julie to correct the price on a deal.

Person_1: Tess Ray
Person_2: Joyce Viltz
Reason: In M4.6, Tess asks Joyce to tell her when some sales volumes have been reallocated.

Person_1: Daren J Farmer
Person_2: Tess Ray
Reason: In M3.1, Daren tells Julie a corrected price, which she proceeds to ask others to fix.

Attempt at Exercising Power Annotation:
DFUs: M4.2
Person_1: Tess Ray
Person_2: Julie Meyers
Type: Situational
Successful?: No Reply
Reason: In M4.2, Tess asks Julie to correct the price on a deal.

DFUs: M4.6
Person_1: Tess Ray
Person_2: Joyce Viltz
Type: Situational
Successful?: No Reply
Reason: In M4.6, Tess asks Joyce to tell her when some sales volumes have been reallocated.

Influence Annotation: N/A
Person_1:
Person_2:
Reason:

Attempt at Influence Annotation: N/A
DFUs: 
Person_1:
Person_2:
Successful?:
Reason: 
"
30,clean_xml_thread95.MN.infoadded.xml,"95
Annotation for intention:

External-event-planning: ordering Chris Germany a power strip and Vertical Arms/installing something


Annotation for control:
Dalton Hogan: Dalton is the only person sending emails in this thread, and he tells Kim to order the power strip and Vertical Arms. He also tells Chris he will complete the installation.


<?xml version=""1.0""?>



<!--

-

- Sequel Pro dump

- Version 155

- http://code.google.com/p/sequel-pro

-

- Host: 127.0.0.1 (MySQL 5.0.67)

- Database: enron

- Generation Time: 2008-12-01 15:19:24 -0500

-

-->



	","

Hierarchical Power Annotation:
Person_1: Dalton Hogan
Person_2: Kimberly Bates
Reason: Dalton orders Kim to do menial tasks like ordering supplies for Chris and making phone calls in message 1.

Person_1: Chris Germany
Person_2: Dalton Hogan
Reason: Dalton makes requests for supplies on Chris' behalf in message 1, and in both messages, Dalton mentions installing something for Chris, indicating that Chris probably has higher status than Dalton.

Situational Power Annotation:
Person_1: Dalton Hogan
Person_2: Kimberly Bates, Chris Germany
Reason: Dalton orders Kim to do menial tasks like ordering supplies for Chris and making phone calls in message 1. In message 2, Dalton asks Chris to leave his power supply under his desk so that Dalton can do an installation.

Attempt at Exercising Power Annotation:
DFUs: M1.2, M1.4, M1.7-M1.9
Person_1: Dalton Hogan
Person_2: Kimberly Bates
Type: Hierarchical
Successful?: No Reply
Reason: Dalton orders Kim to do menial tasks like ordering supplies for Chris and making phone calls in message 1. 

DFUs: M2.3
Person_1: Dalton Hogan
Person_2: Chris Germany
Type: Situational
Successful?: No Reply
Reason: In message 2, Dalton asks Chris to leave his power supply under his desk so that Dalton can do an installation.

Influence Annotation: N/A
Person_1:
Person_2:
Reason:

Attempt at Influence Annotation: N/A
DFUs: 
Person_1:
Person_2:
Successful?:
Reason: 
"
